claim_id,supplier,claim_date,claim_amount
C001,Acme Lighting,2026-06-03,1250.00
C002,Acme Lighting,2026-06-10,480.50
C003,Brightway Supply,2026-06-15,2100.00
C004,Brightway Supply,2026-06-22,915.75
C005,Lumen Co,2026-07-01,3300.00
C006,Lumen Co,2026-07-08,640.00
C007,Acme Lighting,2026-07-15,1785.25
C008,Northstar Electric,2026-07-20,525.00
C009,Northstar Electric,2026-08-02,1430.00
C010,Lumen Co,2026-08-12,860.40
C011,Summit Controls,2026-05-29,725.18
C012,Northstar Electric,2026-08-12,4453.00
C013,Acme Lighting,2026-07-12,3380.68
C014,Lumen Co,2026-09-22,3542.77
C015,Beacon Electrical,2026-06-23,1751.60
C016,Metro Wire & Cable,2026-09-24,4384.25
C017,Northstar Electric,2026-07-11,1883.09
C018,Evergreen Components,2026-06-18,2584.42
 c019 ,Beacon Electrical,2026-09-13,3548.76
C020,Northstar Electric,2026-05-14,1284.76
C021,Lumen Co,2026-05-25,2290.28
C022,Brightway Supply,2026-09-18,2090.41
C023,Metro Wire & Cable,2026-08-30,4048.42
C024,Lumen Co,2026-08-05,1537.82
C025,Summit Controls,2026-09-10,2017.41
C026,Summit Controls,2026-07-30,766.80
C027,Evergreen Components,2026-09-20,4308.04
C028,Beacon Electrical,2026-07-13,533.62
C029,Metro Wire & Cable,2026-08-16,751.36
C030,Brightway Supply,2026-07-05,2452.60
C031,Metro Wire & Cable,2026-06-19,4277.78
C032,Beacon Electrical,2026-07-28,2518.92
C033,Lumen Co,2026-05-14,1987.60
C034,Northstar Electric,2026-06-28,349.13
C035,Acme Lighting,2026-07-03,1838.27
C036,Evergreen Components,2026-07-06,1939.78
C037,Beacon Electrical,2026-07-20,2725.00
 c038 ,Summit Controls,2026-05-31,3625.28
C039,Summit Controls,2026-09-14,2411.68
C040,Brightway Supply,2026-07-01,1667.81
C041,Lumen Co,2026-05-29,183.97
C042,Evergreen Components,2026-09-19,3640.80
C043,Metro Wire & Cable,2026-08-25,3090.04
C044,Beacon Electrical,2026-07-16,3258.40
C045,Northstar Electric,2026-06-10,2528.20
C046,Lumen Co,2026-05-08,3004.82
C047,Metro Wire & Cable,2026-06-28,3760.57
C048,Lumen Co,2026-05-21,3141.48
C049,Beacon Electrical,2026-08-07,2268.83
C050,Acme Lighting,2026-08-25,4291.28
C051,Evergreen Components,2026-05-01,4207.33
C052,Metro Wire & Cable,2026-06-29,3325.98
C053,Beacon Electrical,2026-08-28,361.10
C054,Summit Controls,2026-06-09,2495.23
C055,Northstar Electric,2026-05-12,254.38
C056,Northstar Electric,2026-08-14,759.53
 c057 ,Northstar Electric,2026-09-10,3276.48
C058,Brightway Supply,2026-09-01,1303.18
C059,Acme Lighting,2026-09-07,331.28
C060,Acme Lighting,2026-09-21,2962.28
C061,Metro Wire & Cable,2026-07-02,3055.07
C062,Summit Controls,2026-09-11,1971.49
C063,Acme Lighting,2026-09-10,3474.59
C064,Acme Lighting,2026-08-13,1789.28
C065,Metro Wire & Cable,2026-06-25,2878.72
C066,Metro Wire & Cable,2026-08-28,2999.99
C067,Lumen Co,2026-07-10,1459.92
C068,Evergreen Components,2026-06-07,3129.75
C069,Evergreen Components,2026-08-22,1954.28
C070,Northstar Electric,2026-07-02,4196.85
C071,Summit Controls,2026-09-05,1435.47
C072,Acme Lighting,2026-09-18,3185.66
C073,Brightway Supply,2026-09-11,263.19
C074,Metro Wire & Cable,2026-05-26,1517.67
C075,Brightway Supply,2026-05-12,2998.15
 c076 ,Acme Lighting,2026-09-19,3998.63
C077,Brightway Supply,2026-08-23,2243.93
C078,Northstar Electric,2026-07-17,944.43
C079,Evergreen Components,2026-05-03,3260.99
C080,Evergreen Components,2026-07-12,853.97
C081,Acme Lighting,2026-08-01,1492.81
C082,Beacon Electrical,2026-07-27,3526.86
C083,Beacon Electrical,2026-05-29,3154.40
C084,Northstar Electric,2026-07-10,3437.47
C085,Beacon Electrical,2026-07-29,1959.51
C086,Metro Wire & Cable,2026-08-01,4255.04
C087,Brightway Supply,2026-06-29,3904.89
C088,Summit Controls,2026-06-13,1160.43
C089,Northstar Electric,2026-08-16,2236.81
C090,Brightway Supply,2026-06-20,3063.95
C091,Brightway Supply,2026-08-01,2622.42
C092,Metro Wire & Cable,2026-07-06,2596.47
C093,Summit Controls,2026-05-10,3260.52
C094,Summit Controls,2026-05-26,2675.60
 c095 ,Evergreen Components,2026-09-06,3612.68
C096,Metro Wire & Cable,2026-06-19,459.13
C097,Metro Wire & Cable,2026-09-13,2985.45
C098,Metro Wire & Cable,2026-06-14,1679.22
C099,Brightway Supply,2026-06-14,3253.21
C100,Metro Wire & Cable,2026-05-31,968.34
C017,Northstar Electric,2026-07-11,1883.09
C046,Lumen Co,2026-05-08,3004.82
C073,Brightway Supply,2026-09-11,263.19
C101,Acme Lighting,2026-09-24,3292.24
C102,Pacific Switchgear,2026-05-20,3277.57
C103,Pacific Switchgear,2026-05-20,2763.43
C104,Northstar Electric,2026-06-09,1032.31
C105,Lumen Co,2026-09-13,2229.49
C106,Acme Lighting,2026-05-03,3546.69
C107,Summit Electrical,2026-07-12,2897.95
C108,Apex Breakers,2026-08-19,2555.39
C109,Summit Electrical,2026-07-30,1702.12
C110,Brightway Supply,2026-05-27,1514.46
C111,Northstar Electric,2026-07-29,3156.42
C112,Brightway Supply,2026-05-08,841.70
C113,Metro Wire & Cable,2026-08-09,1001.77
C114,Northstar Electric,2026-05-19,1924.78
C115,Apex Breakers,2026-05-28,1653.95
C116,Lumen Co,2026-05-02,4168.65
C117,Lumen Co,2026-06-03,4746.94
C118,Summit Electrical,2026-07-21,444.13
 c119 ,Apex Breakers,2026-05-30,2674.63
C120,Pacific Switchgear,2026-07-12,1896.59
C121,Brightway Supply,2026-06-21,2283.14
C122,Acme Lighting,2026-06-13,3471.95
C123,Apex Breakers,2026-08-20,4039.89
C124,Lumen Co,2026-05-18,469.81
C125,Northstar Electric,2026-05-08,1228.61
C126,Lumen Co,2026-08-26,4010.32
C127,Pacific Switchgear,2026-07-02,1414.27
C128,Lumen Co,2026-05-01,1575.06
C129,Pacific Switchgear,2026-09-03,2448.72
C130,Brightway Supply,2026-05-31,1352.36
C131,Acme Lighting,2026-06-20,3951.09
C132,Summit Electrical,2026-08-08,3237.50
C133,Acme Lighting,2026-05-11,2078.71
C134,Lumen Co,2026-08-15,3679.70
C135,Metro Wire & Cable,2026-07-30,2953.79
C136,Apex Breakers,2026-09-18,2755.16
C137,Apex Breakers,2026-09-20,917.39
C138,Summit Electrical,2026-05-25,1158.54
C139,Acme Lighting,2026-06-14,1700.48
C140,Lumen Co,2026-06-15,2046.33
C141,Metro Wire & Cable,2026-05-31,1827.61
C142,Metro Wire & Cable,2026-08-14,717.54
C143,Lumen Co,2026-08-31,1419.04
C144,Acme Lighting,2026-09-05,3238.09
C145,Metro Wire & Cable,2026-05-04,1028.11
C146,Northstar Electric,2026-06-09,432.21
C147,Summit Electrical,2026-06-03,294.07
C148,Brightway Supply,2026-06-18,2221.35
C149,Acme Lighting,2026-07-17,1791.48
C150,Summit Electrical,2026-09-12,2922.05
C151,Brightway Supply,2026-05-28,3528.12
C152,Summit Electrical,2026-07-02,4651.11
C153,Northstar Electric,2026-09-05,3483.77
C154,Acme Lighting,2026-08-17,2223.46
C155,Metro Wire & Cable,2026-09-11,1258.81
C156,Northstar Electric,2026-08-01,2644.99
C157,Apex Breakers,2026-06-20,620.49
c158,Lumen Co,2026-08-21,4726.37
C159,Lumen Co,2026-08-23,1318.32
C160,Lumen Co,2026-05-18,653.26
C161,Lumen Co,2026-06-20,3668.18
C162,Apex Breakers,2026-06-30,3248.72
C163,Brightway Supply,2026-09-08,3947.38
C164,Pacific Switchgear,2026-06-17,1073.07
C165,Pacific Switchgear,2026-08-11,4669.06
C166,Pacific Switchgear,2026-08-26,1351.45
C167,Northstar Electric,2026-07-15,2317.10
C168,Brightway Supply,2026-07-14,3063.40
C169,Acme Lighting,2026-08-27,2757.87
C170,Summit Electrical,2026-05-08,2517.49
C171,Summit Electrical,2026-07-13,1669.78
C172,Lumen Co,2026-07-22,3362.11
C173,Summit Electrical,2026-09-06,4536.74
C174,Northstar Electric,2026-05-08,2481.90
C175,Pacific Switchgear,2026-07-30,3970.59
C176,Summit Electrical,2026-07-16,2833.63
C177,Apex Breakers,2026-09-01,1498.55
C178,Pacific Switchgear,2026-06-01,3512.52
C179,Brightway Supply,2026-09-19,441.10
C180,Acme Lighting,2026-09-21,2651.04
C181,Northstar Electric,2026-05-05,4785.08
C182,Acme Lighting,2026-06-29,1708.69
C183,Metro Wire & Cable,2026-08-12,2085.50
C184,Pacific Switchgear,2026-07-23,695.43
C185,Acme Lighting,2026-06-09,2367.46
C186,Pacific Switchgear,2026-05-13,4102.00
C187,Acme Lighting,2026-07-22,960.65
C188,Summit Electrical,2026-09-20,4247.95
C189,Lumen Co,2026-08-16,1976.99
C190,Acme Lighting,2026-07-10,4168.33
C191,Lumen Co,2026-05-21,2978.44
C192,Acme Lighting,2026-06-29,871.48
C193,Summit Electrical,2026-05-06,4334.53
C194,Summit Electrical,2026-09-15,1733.51
C195,Acme Lighting,2026-07-31,2617.65
C196,Brightway Supply,2026-09-26,1248.33
C197,Lumen Co,2026-09-21,3378.23
C198,Apex Breakers,2026-05-07,2632.92
C199,Metro Wire & Cable,2026-08-25,1131.29
C200,Metro Wire & Cable,2026-06-12,4342.75
C112,Brightway Supply,2026-05-08,841.70
C137,Apex Breakers,2026-09-20,917.39
C169,Acme Lighting,2026-08-27,2757.87
C185,Acme Lighting,2026-06-09,2367.46
