claim_id,supplier,claim_date,claim_amount,amount_paid,owed,status,days_old,overdue
C181,Northstar Electric,2026-05-05,4785.08,0.0,4785.08,Unpaid,157,True
C173,Summit Electrical,2026-09-06,4536.74,0.0,4536.74,Unpaid,33,False
C012,Northstar Electric,2026-08-12,4453.0,0.0,4453.0,Unpaid,58,False
C193,Summit Electrical,2026-05-06,4334.53,0.0,4334.53,Unpaid,156,True
C050,Acme Lighting,2026-08-25,4291.28,0.0,4291.28,Unpaid,45,False
C188,Summit Electrical,2026-09-20,4247.95,0.0,4247.95,Unpaid,19,False
C070,Northstar Electric,2026-07-02,4196.85,0.0,4196.85,Unpaid,99,True
C190,Acme Lighting,2026-07-10,4168.33,0.0,4168.33,Unpaid,91,True
C186,Pacific Switchgear,2026-05-13,4102.0,0.0,4102.0,Unpaid,149,True
C175,Pacific Switchgear,2026-07-30,3970.59,0.0,3970.59,Unpaid,71,True
C047,Metro Wire & Cable,2026-06-28,3760.57,0.0,3760.57,Unpaid,103,True
C042,Evergreen Components,2026-09-19,3640.8,0.0,3640.8,Unpaid,20,False
C019,Beacon Electrical,2026-09-13,3548.76,0.0,3548.76,Unpaid,26,False
C178,Pacific Switchgear,2026-06-01,3512.52,0.0,3512.52,Unpaid,130,True
C172,Lumen Co,2026-07-22,3362.11,0.0,3362.11,Unpaid,79,True
C072,Acme Lighting,2026-09-18,3185.66,0.0,3185.66,Unpaid,21,False
C068,Evergreen Components,2026-06-07,3129.75,0.0,3129.75,Unpaid,124,True
C061,Metro Wire & Cable,2026-07-02,3055.07,0.0,3055.07,Unpaid,99,True
C191,Lumen Co,2026-05-21,2978.44,0.0,2978.44,Unpaid,141,True
C060,Acme Lighting,2026-09-21,2962.28,0.0,2962.28,Unpaid,18,False
C176,Summit Electrical,2026-07-16,2833.63,0.0,2833.63,Unpaid,85,True
C169,Acme Lighting,2026-08-27,2757.87,0.0,2757.87,Unpaid,43,False
C180,Acme Lighting,2026-09-21,2651.04,0.0,2651.04,Unpaid,18,False
C092,Metro Wire & Cable,2026-07-06,2596.47,0.0,2596.47,Unpaid,95,True
C018,Evergreen Components,2026-06-18,2584.42,0.0,2584.42,Unpaid,113,True
C032,Beacon Electrical,2026-07-28,2518.92,0.0,2518.92,Unpaid,73,True
C170,Summit Electrical,2026-05-08,2517.49,0.0,2517.49,Unpaid,154,True
C174,Northstar Electric,2026-05-08,2481.9,0.0,2481.9,Unpaid,154,True
C185,Acme Lighting,2026-06-09,2367.46,0.0,2367.46,Unpaid,122,True
C183,Metro Wire & Cable,2026-08-12,2085.5,0.0,2085.5,Unpaid,58,False
C025,Summit Controls,2026-09-10,2017.41,0.0,2017.41,Unpaid,29,False
C189,Lumen Co,2026-08-16,1976.99,0.0,1976.99,Unpaid,54,False
C085,Beacon Electrical,2026-07-29,1959.51,0.0,1959.51,Unpaid,72,True
C069,Evergreen Components,2026-08-22,1954.28,0.0,1954.28,Unpaid,48,False
C017,Northstar Electric,2026-07-11,1883.09,0.0,1883.09,Unpaid,90,True
C007,Acme Lighting,2026-07-15,1785.25,0.0,1785.25,Unpaid,86,True
C182,Acme Lighting,2026-06-29,1708.69,0.0,1708.69,Unpaid,102,True
C171,Summit Electrical,2026-07-13,1669.78,0.0,1669.78,Unpaid,88,True
C177,Apex Breakers,2026-09-01,1498.55,0.0,1498.55,Unpaid,38,False
C009,Northstar Electric,2026-08-02,1430.0,0.0,1430.0,Unpaid,68,True
C020,Northstar Electric,2026-05-14,1284.76,0.0,1284.76,Unpaid,148,True
C088,Summit Controls,2026-06-13,1160.43,0.0,1160.43,Unpaid,118,True
C187,Acme Lighting,2026-07-22,960.65,0.0,960.65,Unpaid,79,True
C004,Brightway Supply,2026-06-22,915.75,0.0,915.75,Unpaid,109,True
C192,Acme Lighting,2026-06-29,871.48,0.0,871.48,Unpaid,102,True
C080,Evergreen Components,2026-07-12,853.97,0.0,853.97,Unpaid,89,True
C056,Northstar Electric,2026-08-14,759.53,0.0,759.53,Unpaid,56,False
C184,Pacific Switchgear,2026-07-23,695.43,0.0,695.43,Unpaid,78,True
C003,Brightway Supply,2026-06-15,2100.0,1500.0,600.0,Short paid,116,True
C144,Acme Lighting,2026-09-05,3238.09,2694.29,543.8,Short paid,34,False
C163,Brightway Supply,2026-09-08,3947.38,3430.48,516.9,Short paid,31,False
C157,Apex Breakers,2026-06-20,620.49,140.61,479.88,Short paid,111,True
C154,Acme Lighting,2026-08-17,2223.46,1743.71,479.75,Short paid,53,False
C096,Metro Wire & Cable,2026-06-19,459.13,0.0,459.13,Unpaid,112,True
C179,Brightway Supply,2026-09-19,441.1,0.0,441.1,Unpaid,20,False
C150,Summit Electrical,2026-09-12,2922.05,2481.46,440.59,Short paid,27,False
C166,Pacific Switchgear,2026-08-26,1351.45,919.4,432.05,Short paid,44,False
C165,Pacific Switchgear,2026-08-11,4669.06,4264.85,404.21,Short paid,59,False
C153,Northstar Electric,2026-09-05,3483.77,3101.3,382.47,Short paid,34,False
C152,Summit Electrical,2026-07-02,4651.11,4278.69,372.42,Short paid,99,True
C053,Beacon Electrical,2026-08-28,361.1,0.0,361.1,Unpaid,42,False
C156,Northstar Electric,2026-08-01,2644.99,2328.36,316.63,Short paid,69,True
C164,Pacific Switchgear,2026-06-17,1073.07,802.29,270.78,Short paid,114,True
C006,Lumen Co,2026-07-08,640.0,400.0,240.0,Short paid,93,True
C146,Northstar Electric,2026-06-09,432.21,199.16,233.05,Short paid,122,True
C167,Northstar Electric,2026-07-15,2317.1,2089.6,227.5,Short paid,86,True
C145,Metro Wire & Cable,2026-05-04,1028.11,801.46,226.65,Short paid,158,True
C155,Metro Wire & Cable,2026-09-11,1258.81,1037.32,221.49,Short paid,28,False
C159,Lumen Co,2026-08-23,1318.32,1115.36,202.96,Short paid,47,False
C151,Brightway Supply,2026-05-28,3528.12,3342.79,185.33,Short paid,134,True
C161,Lumen Co,2026-06-20,3668.18,3484.76,183.42,Short paid,111,True
C149,Acme Lighting,2026-07-17,1791.48,1670.08,121.4,Short paid,84,True
C147,Summit Electrical,2026-06-03,294.07,179.76,114.31,Short paid,128,True
C143,Lumen Co,2026-08-31,1419.04,1317.36,101.68,Short paid,39,False
C158,Lumen Co,2026-08-21,4726.37,4628.9,97.47,Short paid,49,False
C028,Beacon Electrical,2026-07-13,533.62,445.53,88.09,Short paid,88,True
C100,Metro Wire & Cable,2026-05-31,968.34,884.93,83.41,Short paid,131,True
C168,Brightway Supply,2026-07-14,3063.4,2982.97,80.43,Short paid,87,True
C076,Acme Lighting,2026-09-19,3998.63,3919.22,79.41,Short paid,20,False
C098,Metro Wire & Cable,2026-06-14,1679.22,1600.44,78.78,Short paid,117,True
C073,Brightway Supply,2026-09-11,263.19,187.96,75.23,Short paid,28,False
C036,Evergreen Components,2026-07-06,1939.78,1867.6,72.18,Short paid,95,True
C044,Beacon Electrical,2026-07-16,3258.4,3187.3,71.1,Short paid,85,True
C097,Metro Wire & Cable,2026-09-13,2985.45,2926.85,58.6,Short paid,26,False
C160,Lumen Co,2026-05-18,653.26,599.65,53.61,Short paid,144,True
C078,Northstar Electric,2026-07-17,944.43,891.27,53.16,Short paid,84,True
C040,Brightway Supply,2026-07-01,1667.81,1618.74,49.07,Short paid,100,True
C015,Beacon Electrical,2026-06-23,1751.6,1707.3,44.3,Short paid,108,True
C095,Evergreen Components,2026-09-06,3612.68,3569.93,42.75,Short paid,33,False
C063,Acme Lighting,2026-09-10,3474.59,3437.81,36.78,Short paid,29,False
C031,Metro Wire & Cable,2026-06-19,4277.78,4241.58,36.2,Short paid,112,True
C049,Beacon Electrical,2026-08-07,2268.83,2232.69,36.14,Short paid,63,True
C039,Summit Controls,2026-09-14,2411.68,2376.72,34.96,Short paid,25,False
C148,Brightway Supply,2026-06-18,2221.35,2187.0,34.35,Short paid,113,True
C022,Brightway Supply,2026-09-18,2090.41,2067.09,23.32,Short paid,21,False
C041,Lumen Co,2026-05-29,183.97,162.3,21.67,Short paid,133,True
C052,Metro Wire & Cable,2026-06-29,3325.98,3306.25,19.73,Short paid,102,True
C057,Northstar Electric,2026-09-10,3276.48,3257.14,19.34,Short paid,29,False
C023,Metro Wire & Cable,2026-08-30,4048.42,4030.14,18.28,Short paid,40,False
C091,Brightway Supply,2026-08-01,2622.42,2606.81,15.61,Short paid,69,True
C162,Apex Breakers,2026-06-30,3248.72,3237.47,11.25,Short paid,101,True
