claim_id,payment_date,amount_paid
C001,2026-07-10,1250.00
C002,2026-07-18,480.00
C003,2026-07-25,1500.00
C005,2026-08-05,2000.00
C005,2026-08-20,1300.00
C006,2026-08-14,400.00
C008,2026-08-28,525.00
C010,2026-09-15,860.40
C011,2026-06-18,725.18
C013,2026-07-24,3380.68
C014,2026-10-02,3542.77
C015,2026-07-14,1707.30
C016,2026-10-08,4384.25
C021,2026-06-14,2378.78
C022,2026-10-08,2067.09
 c023 ,2026-09-17,4030.14
C024,2026-08-27,768.91
C024,2026-08-27,768.91
C026,2026-08-06,766.80
C027,2026-09-29,4308.04
C028,2026-07-21,445.53
C029,2026-08-26,751.36
C030,2026-07-26,1226.30
C030,2026-07-26,1226.30
C031,2026-07-05,4241.58
C033,2026-06-05,1987.60
C034,2026-07-18,349.13
C035,2026-07-28,1838.27
C036,2026-08-04,1867.60
C037,2026-08-09,2725.00
C038,2026-06-21,3625.28
C039,2026-10-08,2376.72
C040,2026-07-14,1618.74
C041,2026-06-17,162.30
C043,2026-09-08,3090.04
C044,2026-07-26,3187.30
C045,2026-07-06,2528.20
 c046 ,2026-05-20,3004.82
C048,2026-06-14,1570.74
C048,2026-06-14,1570.74
C049,2026-09-04,2232.69
C051,2026-05-12,4207.33
C052,2026-07-14,3306.25
C054,2026-06-30,2584.98
C055,2026-05-29,254.38
C057,2026-10-08,3257.14
C058,2026-09-12,1352.20
C059,2026-09-23,331.28
C062,2026-09-22,1971.49
C063,2026-10-08,3437.81
C064,2026-08-20,1789.28
C065,2026-07-14,2878.72
C066,2026-09-19,3042.99
C067,2026-08-09,1490.74
C071,2026-09-28,1500.18
C073,2026-09-26,187.96
C074,2026-06-11,1517.67
C075,2026-05-22,3055.81
C076,2026-10-08,3919.22
C077,2026-09-15,2243.93
C078,2026-08-06,891.27
C079,2026-05-21,3260.99
C081,2026-08-09,1492.81
C082,2026-08-04,3526.86
C083,2026-06-21,3154.40
C084,2026-07-17,1718.73
C084,2026-07-17,1718.74
C086,2026-08-21,4255.04
C087,2026-07-20,3904.89
C089,2026-09-04,2236.81
C090,2026-07-03,3099.00
C091,2026-08-31,2606.81
C093,2026-05-26,3260.52
C094,2026-06-23,2675.60
C095,2026-09-22,3569.93
C097,2026-09-27,2926.85
C098,2026-06-23,1600.44
C099,2026-06-22,3283.23
C100,2026-06-13,884.93
C101,2026-10-12,1547.17
C101,2026-10-22,1745.07
C102,2026-05-25,3277.57
C103,2026-05-27,2763.43
C104,2026-07-01,437.92
C104,2026-07-06,594.39
C105,2026-10-06,653.53
C105,2026-10-16,1575.96
C106,2026-05-19,3546.69
C107,2026-07-18,2897.95
C108,2026-09-06,2555.39
C109,2026-08-09,1702.12
C110,2026-06-11,1514.46
C111,2026-08-16,3156.42
C112,2026-05-18,841.70
C113,2026-08-14,1001.77
C114,2026-06-11,1924.78
C115,2026-06-06,1653.95
C116,2026-05-16,4168.65
C117,2026-06-10,4746.94
C118,2026-08-12,444.13
 c119 ,2026-06-07,2674.63
C120,2026-07-27,1896.59
C121,2026-07-01,2283.14
C122,2026-06-20,1416.25
C122,2026-06-25,2055.70
C123,2026-09-09,1308.03
C123,2026-09-13,2731.86
C124,2026-06-10,469.81
C125,2026-05-22,1228.61
C126,2026-09-13,1610.53
C126,2026-09-19,2399.79
C127,2026-07-18,1414.27
C128,2026-05-09,1575.06
C129,2026-09-08,2448.72
C130,2026-06-11,736.28
C130,2026-06-26,616.08
C131,2026-07-16,1910.35
C131,2026-07-25,2040.74
C132,2026-08-21,3237.50
C133,2026-06-05,2078.71
C134,2026-08-21,3679.70
C135,2026-08-14,2953.79
C136,2026-10-05,2755.16
C137,2026-10-08,917.39
C138,2026-06-13,1158.54
C139,2026-07-09,1700.48
C140,2026-06-26,2046.33
C141,2026-06-26,578.33
C141,2026-07-01,1249.28
C142,2026-08-31,717.54
C143,2026-09-12,1317.36
C144,2026-09-21,2694.29
C145,2026-05-30,801.46
C146,2026-07-05,199.16
C147,2026-06-08,179.76
C148,2026-07-12,2187.00
C149,2026-07-26,846.73
C149,2026-08-03,823.35
C150,2026-10-02,2481.46
C151,2026-06-19,1317.58
C151,2026-06-27,2025.21
C152,2026-07-08,4278.69
C153,2026-09-28,3101.30
C154,2026-08-31,949.99
C154,2026-09-10,793.72
C155,2026-10-05,1037.32
C156,2026-08-25,2328.36
C157,2026-06-30,140.61
c158,2026-09-06,1849.22
c158,2026-09-13,2779.68
C159,2026-09-07,1115.36
C160,2026-05-26,599.65
C161,2026-07-05,3484.76
C162,2026-07-08,3237.47
C163,2026-09-15,3430.48
C164,2026-07-09,802.29
C165,2026-08-31,4264.85
C166,2026-09-12,919.40
C167,2026-08-04,1333.78
C167,2026-08-14,755.82
C168,2026-07-27,2982.97
C194,2026-10-07,1761.86
C195,2026-08-23,2665.05
C196,2026-10-20,1280.84
C197,2026-10-02,3397.46
C198,2026-05-22,1253.31
C198,2026-06-04,1406.53
C199,2026-09-05,591.69
C199,2026-09-17,562.30
C200,2026-06-18,4364.02
